manual,page,kind,textFile,source
438A.pdf,9,Prose,438A.p0009.txt,HandCorrected
438A.pdf,10,Prose,438A.p0010.txt,HandCorrected
438A.pdf,20,Prose,438A.p0020.txt,HandCorrected
331A.pdf,44,Table,331A.p0044.txt,HandCorrected
331A.pdf,45,Table,331A.p0045.txt,HandCorrected
461A.pdf,39,Table,461A.p0039.txt,HandCorrected
461A.pdf,40,Table,461A.p0040.txt,HandCorrected
HP-419A Marked-up Schematic.pdf,1,Schematic,HP-419A_Marked-up_Schematic.p0001.txt,HandCorrected
HP-419 - Fluke 845 Modification Hand Drawn Schematics 2015-06-04.pdf,3,Schematic,HP-419_-_Fluke_845_Modification_Hand_Drawn_Schematics_2015-06-04.p0003.txt,HandCorrected
